[
  {
    "Name": "S.K.GROUP",
    "Address": "Mangalore, Karnataka - 575004"
  },
  {
    "Name": "S.K.GROUP",
    "Address": "Mangalore, Karnataka - 575007"
  },
  {
    "Name": "S.K.GROUP",
    "Address": "Mangalore, Karnataka - 575007"
  },
  {
    "Name": "Commanders Pinnacle 2",
    "Address": "Bengaluru, Karnatak - 562157"
  },
  {
    "Name": "Commanders Pinnacle 1",
    "Address": "Bengaluru, Karnatak - 562157"
  },
  {
    "Name": "S.K.GROUP",
    "Address": "Mangalore, Karnataka - 575004"
  },
  {
    "Name": "S.K.GROUP",
    "Address": "Mangalore, Karnataka - 575004"
  },
  {
    "Name": "S.K.GROUP",
    "Address": "Mangalore, Karnataka - 575004"
  },
  {
    "Name": "Prestige Misty Waters 3.3kw - 04",
    "Address": "Bangalore Urban, Karnataka - 560024"
  },
  {
    "Name": "Prestige Misty Waters 3.3kw - 03",
    "Address": "Bangalore Urban, Karnataka - 560024"
  },
  {
    "Name": "Prestige Misty Waters 3.3kw - 02",
    "Address": "Bangalore Urban, Karnataka - 560024"
  },
  {
    "Name": "Prestige Misty Waters 3.3kw - 01",
    "Address": "Bangalore Urban, Karnataka - 560024"
  },
  {
    "Name": "EV PUMP RAMAYAN HOTEL",
    "Address": "Bengaluru, Karnatak - 444105"
  },
  {
    "Name": "WTC Bangalore DC - 1",
    "Address": "Bangalore Urban, Karnataka - 560001"
  },
  {
    "Name": "EV PUMP HOTEL SAI ANAND",
    "Address": "Bengaluru, Karnatak - 423109"
  },
  {
    "Name": "Kausthba Residency, Katapady",
    "Address": "Udupi, Karnataka - 576122"
  },
  {
    "Name": "Hotel Sharada International 30kWh",
    "Address": "Udupi, Karnataka - 576103"
  },
  {
    "Name": "Hotel Sharada International 7.4Kw",
    "Address": "Udupi, Karnataka - 576103"
  },
  {
    "Name": "EV PUMP JAY MALHAR",
    "Address": "Bengaluru, Karnatak - 413603"
  },
  {
    "Name": "Mangalam",
    "Address": "Bengaluru, Karnatak - 700152"
  },
  {
    "Name": "EV PUMP CIDCO N3",
    "Address": "Bengaluru, Karnatak - 431003"
  },
  {
    "Name": "EV PUMP AKBAR ALI CHARGING STATION 2",
    "Address": "Bengaluru, Karnatak - 413006"
  },
  {
    "Name": "Renoch- Malpe Fish Trade Center",
    "Address": "Malpe, Karnataka - 576108"
  },
  {
    "Name": "Eshan_Kengeri_02",
    "Address": "Bangalore Urban, Karnataka - 560060"
  },
  {
    "Name": "Metropolis Gurukrupa 2",
    "Address": "Bangalore Urban, Karnataka - 560068"
  },
  {
    "Name": "Metropolis Gurukrupa 1",
    "Address": "Bangalore Urban, Karnataka - 560068"
  },
  {
    "Name": "Rudra Bhupal IOCL",
    "Address": "Bellary, Karnataka - 584128"
  },
  {
    "Name": "Brigade Magnum - 2",
    "Address": "Bangalore Urban, Karnataka - 560092"
  },
  {
    "Name": "Brigade Magnum - 1",
    "Address": "Bangalore Urban, Karnataka - 560092"
  },
  {
    "Name": "Brigade Opus - 2",
    "Address": "Bangalore Urban, Karnataka - 560092"
  },
  {
    "Name": "Brigade Opus - 1",
    "Address": "Bangalore Urban, Karnataka - 560092"
  },
  {
    "Name": "Eshan_Kengeri_01",
    "Address": "Bangalore Urban, Karnataka - 560060"
  },
  {
    "Name": "Brigade Tech Garden Tower C - 2",
    "Address": "Bangalore Urban, Karnataka - 560066"
  },
  {
    "Name": "Brigade Tech Garden Tower C - 1",
    "Address": "Bangalore Urban, Karnataka - 560066"
  },
  {
    "Name": "VRS Motors KR Puram  DC - 001",
    "Address": "Bangalore Urban, Karnataka - 560049"
  },
  {
    "Name": "CRE Spacez - 3.3kw AC Charging Station",
    "Address": "Bangalore Urban, Karnataka - 560102"
  },
  {
    "Name": "SHREE RAJALAKSHMI ENTERPRISES",
    "Address": "Bangalore Urban, Karnataka - 560026"
  },
  {
    "Name": "Galimuka IOCL PUMP",
    "Address": "Mangalore, Karnataka - 574313"
  },
  {
    "Name": "Nandini Cafe Mooo (Renoch)",
    "Address": "Mangalore, Karnataka - 575002"
  },
  {
    "Name": "WTC DC - 1",
    "Address": "Bangalore Urban, Karnataka - 560055"
  },
  {
    "Name": "WTC DC - 2",
    "Address": "Bangalore Urban, Karnataka - 560055"
  },
  {
    "Name": "WTC AC 2",
    "Address": "Bangalore Urban, Karnataka - 560055"
  },
  {
    "Name": "WTC AC 1",
    "Address": "Bangalore Urban, Karnataka - 560055"
  },
  {
    "Name": "FLEXTRON DEMO",
    "Address": "Bengaluru, Karnatak - 560102"
  },
  {
    "Name": "Nandini Cafe (RENOCH)",
    "Address": "Mangalore, Karnataka - 575019"
  },
  {
    "Name": "Sri saastha service station",
    "Address": "Bangalore Urban, Karnataka - 562132"
  },
  {
    "Name": "RENOCH",
    "Address": "Udupi, Karnataka - 576213"
  },
  {
    "Name": "Mahadevapura DC-001",
    "Address": "Bangalore Urban, Karnataka - 560048"
  },
  {
    "Name": "JP Nagar DC-001",
    "Address": "Bangalore Urban, Karnataka - 560078"
  },
  {
    "Name": "HSR Layout DC-001",
    "Address": "Bangalore Urban, Karnataka - 560102"
  },
  {
    "Name": "MLV Car Wash  DC-001",
    "Address": "Bangalore Urban, Karnataka - 560049"
  },
  {
    "Name": "Jamia Masjid  DC-001",
    "Address": "Bangalore Urban, Karnataka - 560068"
  },
  {
    "Name": "PATIL FILLING STATION IOCL",
    "Address": "Davangere, Karnataka - 577005"
  },
  {
    "Name": "SRI SUDARSHANA FILLING STATION IOCL",
    "Address": "Davangere, Karnataka - 577514"
  },
  {
    "Name": "INDHU FUELS IOCL",
    "Address": "Davangere, Karnataka - 577514"
  },
  {
    "Name": "Shobha Fules IOCL",
    "Address": "Davangere, Karnataka - 577223"
  },
  {
    "Name": "Sri Marulasiddeshwra KSK IOCL",
    "Address": "Davangere, Karnataka - 577513"
  },
  {
    "Name": "PATEL FUELS IOCL",
    "Address": "Davangere, Karnataka - 577002"
  },
  {
    "Name": "Jogur Petroleums",
    "Address": "Gulbarga, Karnataka"
  },
  {
    "Name": "PRANAVNIT AGENCIES",
    "Address": "Gulbarga, Karnataka"
  },
  {
    "Name": "PS Aithal Charging Station",
    "Address": "Mangalore, Karnataka - 575003"
  },
  {
    "Name": "Israr Charging Station 1",
    "Address": "Mangalore, Karnataka - 575005"
  },
  {
    "Name": "Sachin A Charging Station",
    "Address": "Bengaluru, Karnatak - 560090"
  },
  {
    "Name": "Vamshidhar Chiluveru",
    "Address": "Bengaluru, Karnatak - 560014"
  },
  {
    "Name": "NVM Kartheek Sanka",
    "Address": "Bengaluru, Karnatak - 560073"
  },
  {
    "Name": "Israr Pasha",
    "Address": "Mangalore, Karnataka - 575006"
  },
  {
    "Name": "R P PETROLEUMS IOCL",
    "Address": "Gulbarga, Karnataka - 585102"
  },
  {
    "Name": "Khoba Petroleum IOCL",
    "Address": "Bidar, Karnataka - 585436"
  },
  {
    "Name": "H S FUEL MULLIKATTE IOCL",
    "Address": "Tumkur, Karnataka - 576247"
  },
  {
    "Name": "SRI SAIDEEP FILLING STATION EKAMBA IOCL",
    "Address": "Bidar, Karnataka - 585326"
  },
  {
    "Name": "R. M. ANAKAL PETROLEUMS IOCL",
    "Address": "Bangalore Urban, Karnataka - 585324"
  },
  {
    "Name": "VRS Motors 2",
    "Address": "Bangalore Urban, Karnataka - 560036"
  },
  {
    "Name": "Jupiter filling station IOCL",
    "Address": "Gulbarga, Karnataka - 585211"
  },
  {
    "Name": "VINAY PETROLEUM IOCL",
    "Address": "Gulbarga, Karnataka - 585318"
  },
  {
    "Name": "Deepfleet HSR",
    "Address": "Bengaluru, Karnatak - 560102"
  },
  {
    "Name": "Dr B R Ambedkar Filling Station IOCL",
    "Address": "Bidar, Karnataka"
  },
  {
    "Name": "Hanchya Fuels Mysuru IOCL",
    "Address": "Mysuru, Karnataka - 570019"
  },
  {
    "Name": "Shree Sawaleshwar Petroleum IOCL",
    "Address": "Gulbarga, Karnataka - 585314"
  },
  {
    "Name": "Sri Katte parameshwari fuel station IOCL",
    "Address": "Mysuru, Karnataka - 571423"
  },
  {
    "Name": "SRI SAI VENUGOPALA SWAMY FILLING STATION IOCL",
    "Address": "Bengaluru, Karnatak - 563138"
  },
  {
    "Name": "PARIJATHA FUEL STATION IOCL",
    "Address": "Bangalore Urban, Karnataka - 562102"
  },
  {
    "Name": "Ramalingeshwara Fuel Station IOCL",
    "Address": "Bengaluru, Karnatak - 563127"
  },
  {
    "Name": "KMC Fuel Point IOCL",
    "Address": "Bangalore Urban, Karnataka - 563125"
  },
  {
    "Name": "Lakshmi Channakeshava Fuels IOCL",
    "Address": "Bengaluru, Karnatak - 561203"
  },
  {
    "Name": "X-Treme Car Care  DC-001",
    "Address": "Bangalore Urban, Karnataka - 560037"
  },
  {
    "Name": "Linganna Gouda Malhar IOCL PETROL PUMP",
    "Address": "Gulbarga, Karnataka - 585202"
  },
  {
    "Name": "Maruti Fuels IOCL PETROL PUMP",
    "Address": "Gulbarga, Karnataka - 584111"
  },
  {
    "Name": "M/S MANOHAR RAO NAIK IOCL PETROLEUMS 1",
    "Address": "Gulbarga, Karnataka - 585326"
  },
  {
    "Name": "M/S NEELAKANTA IOCL PETROLEUM",
    "Address": "Gulbarga, Karnataka - 585318"
  },
  {
    "Name": "D M SHIROOR PETROLEUM IOCL",
    "Address": "Gulbarga, Karnataka - 585236"
  },
  {
    "Name": "SRIKANTH ENERGY STATION IOCL",
    "Address": "Bengaluru, Karnatak - 563125"
  },
  {
    "Name": "DORE FUELS IOCL",
    "Address": "Bengaluru, Karnatak - 562201"
  },
  {
    "Name": "Shreeja fuel Park IOCL",
    "Address": "Bengaluru, Karnatak - 563116"
  },
  {
    "Name": "Amara Narayana fuel station IOCL",
    "Address": "Bengaluru, Karnatak - 563125"
  },
  {
    "Name": "Mathru fuel zone IOCL",
    "Address": "Bangalore Urban, Karnataka - 561203"
  },
  {
    "Name": "Maruthi petro park IOCL",
    "Address": "Bengaluru, Karnatak - 561203"
  },
  {
    "Name": "Charzer - Fast Charge Jakkur  DC-001",
    "Address": "Bangalore Urban, Karnataka - 560024"
  },
  {
    "Name": "Charzer - Fast charge Play Zone  DC-001",
    "Address": "Bangalore Urban, Karnataka - 560103"
  },
  {
    "Name": "RAMALINGESHWARA SWAMY IOCL PETROL PUMP",
    "Address": "Chitradurga, Karnataka - 577539"
  },
  {
    "Name": "Mamatha International",
    "Address": "Bangalore Urban, Karnataka - 560064"
  },
  {
    "Name": "K.B.Royal Bike Service Center",
    "Address": "Bangalore Urban, Karnataka - 560100"
  },
  {
    "Name": "National Auto Electrical Services 1",
    "Address": "Bangalore Urban, Karnataka - 560068"
  },
  {
    "Name": "Namma Car & Bike Care - 1",
    "Address": "Bangalore Urban, Karnataka - 560099"
  },
  {
    "Name": "Santhosh Residence",
    "Address": "Bangalore Urban, Karnataka - 560062"
  },
  {
    "Name": "Kk ramp 2 car wash",
    "Address": "Bangalore Urban, Karnataka - 560077"
  },
  {
    "Name": "DR retail super Market 1",
    "Address": "Bengaluru, Karnatak - 560035"
  },
  {
    "Name": "Charzer - Fast Charge Udayagiri  DC-001",
    "Address": "Bangalore Urban, Karnataka - 560058"
  },
  {
    "Name": "Charzer - Eco Wash   DC-001",
    "Address": "Bangalore Urban, Karnataka - 560103"
  },
  {
    "Name": "MAJANGAONKAR IOCL PETROL PUMP 2",
    "Address": "Belagavi, Karnataka - 591120"
  },
  {
    "Name": "MR Filling Station IOCL",
    "Address": "Mysuru, Karnataka - 562138"
  },
  {
    "Name": "Sri Malai Mahadesheshwara IOCL",
    "Address": "Bengaluru, Karnatak - 561203"
  },
  {
    "Name": "GEETANJALI IOCL PETROL PUMP",
    "Address": "Ramnagar , uttarakhand - 244715"
  },
  {
    "Name": "Skoota - Centurion",
    "Address": "Bengaluru, Karnatak - 0169"
  },
  {
    "Name": "Kavya timber",
    "Address": "Bengaluru, Karnatak - 560068"
  },
  {
    "Name": "Chowdamma Fuels IOCL",
    "Address": "Hassan, Karnataka"
  },
  {
    "Name": "PRABHAKARA IOCL PETROL PUMP",
    "Address": "Bengaluru, Karnatak - 572202"
  },
  {
    "Name": "OHM AADI PARASHAKTHI IOCL PETROL PUMP",
    "Address": "Mysuru, Karnataka - 571237"
  },
  {
    "Name": "Zam Zam Engineering Works",
    "Address": "Bengaluru, Karnatak - 562117"
  },
  {
    "Name": "Maruti Suzuki Service Surakshaa Car Care",
    "Address": "Bengaluru, Karnatak - 562112"
  },
  {
    "Name": "Max Muller school 1",
    "Address": "Bengaluru, Karnatak - 560085"
  },
  {
    "Name": "Max Muller school 2",
    "Address": "Bengaluru, Karnatak - 560085"
  },
  {
    "Name": "USK Auto Gas Station 2",
    "Address": "Bengaluru, Karnatak - 560062"
  },
  {
    "Name": "Classic Motors Chamrajpet",
    "Address": "Bengaluru, Karnatak - 560018"
  },
  {
    "Name": "Mahesh Industries",
    "Address": "Bengaluru, Karnatak - 562107"
  },
  {
    "Name": "Sri Maruthi Car Care 1",
    "Address": "Bengaluru, Karnatak - 562110"
  },
  {
    "Name": "Sri maruthi car care 2",
    "Address": "Bengaluru, Karnatak - 562110"
  },
  {
    "Name": "Sri manjunath auto mobile & service center  1",
    "Address": "Bengaluru, Karnatak - 560083"
  },
  {
    "Name": "Sri manjunath auto mobile & service center  2",
    "Address": "Bengaluru, Karnatak - 560083"
  },
  {
    "Name": "EVolution Bharat - Green Drive Motors  DC-001",
    "Address": "Bengaluru, Karnatak - 560068"
  },
  {
    "Name": "TARZAN MOTORS",
    "Address": "Bengaluru, Karnatak - 560064"
  },
  {
    "Name": "Kaynes Hotels  pvt ltd 3",
    "Address": "Mysuru, Karnataka - 570016"
  },
  {
    "Name": "Kaynes Hotels  pvt ltd 2",
    "Address": "Mysuru, Karnataka - 570018"
  },
  {
    "Name": "Kaynes Hotels  pvt ltd 1",
    "Address": "Mysuru, Karnataka - 570018"
  },
  {
    "Name": "SLV IOCL PETROL PUMP",
    "Address": "Bengaluru, Karnatak - 562127"
  },
  {
    "Name": "MALLIKARJUNA IOCL PETROL PUMP",
    "Address": "Belagavi, Karnataka - 591131"
  },
  {
    "Name": "JK MAKAVI & CO IOCL PETROL PUMP",
    "Address": "Belagavi, Karnataka - 590001"
  },
  {
    "Name": "SRI KAMADHENU IOCL PETROL PUMP",
    "Address": "Bengaluru, Karnatak - 560082"
  },
  {
    "Name": "Ks Customs",
    "Address": "Bengaluru, Karnatak - 560070"
  },
  {
    "Name": "SRI KALA BHAIRAVESHWARA IOCL P",
    "Address": "Mysuru, Karnataka - 571424"
  },
  {
    "Name": "MAJANGAONKAR IOCL PETROL PUMP 1",
    "Address": "Belagavi, Karnataka - 591120"
  },
  {
    "Name": "SRI DURGA PARAMESHWARA IOCL PUMP",
    "Address": "Tumkur, Karnataka - 515301"
  },
  {
    "Name": "S.M.Cars",
    "Address": "Bengaluru, Karnatak - 560050"
  },
  {
    "Name": "Wash Me Car Care",
    "Address": "Bengaluru, Karnatak - 560050"
  },
  {
    "Name": "Mr Moto Tech Garage",
    "Address": "Bengaluru, Karnatak - 560085"
  },
  {
    "Name": "Wheelz",
    "Address": "Bengaluru, Karnatak - 560075"
  },
  {
    "Name": "SRI NANJUNDESHWARA IOCL PETROL PUMP",
    "Address": "Mysuru, Karnataka - 562127"
  },
  {
    "Name": "SHRIKANTESHWARA IOCL PETROL PUMP",
    "Address": "Mysuru, Karnataka - 571124"
  },
  {
    "Name": "SRIVATHSA IOCL FUEL PUMP",
    "Address": "Mysuru, Karnataka - 571234"
  },
  {
    "Name": "SRJ PETROLEUMS IOCL FUEL PUMP",
    "Address": "Tumkur, Karnataka - 572118"
  },
  {
    "Name": "CITY RACING WORKS",
    "Address": "Bengaluru, Karnatak - 560038"
  },
  {
    "Name": "RAMEGOWDA IOCL FUEL PUMP",
    "Address": "Bengaluru, Karnatak - 572106"
  },
  {
    "Name": "SRI LAL BAHADUR IOCL FUEL PUMP",
    "Address": "Mysuru, Karnataka - 570017"
  },
  {
    "Name": "PREETAM PETROLEUM IOCL PUMP",
    "Address": "Belagavi, Karnataka - 591305"
  },
  {
    "Name": "Sri Venkateshwara Garage 1",
    "Address": "Bellary, Karnataka - 583101"
  },
  {
    "Name": "KADU FUELS IOCL PETROL PUMP",
    "Address": "Bantwal, Karnataka - 574260"
  },
  {
    "Name": "Chal Simplify - Classic Auto Spa 3",
    "Address": "Bengaluru, Karnatak - 560035"
  },
  {
    "Name": "Asian enterprises",
    "Address": "Bengaluru, Karnatak - 585104"
  },
  {
    "Name": "Naveed Khan Engineering 1",
    "Address": "Bengaluru, Karnatak - 585104"
  },
  {
    "Name": "Naveed Khan engineering 2",
    "Address": "Bengaluru, Karnatak - 585104"
  },
  {
    "Name": "Ahmed Ali Motor Works",
    "Address": "Bengaluru, Karnatak - 585104"
  },
  {
    "Name": "sri sai carz expert",
    "Address": "Bengaluru, Karnatak - 560076"
  },
  {
    "Name": "Umang Automobiles",
    "Address": "Bengaluru, Karnatak - 110034"
  },
  {
    "Name": "Imperial Cycle Company",
    "Address": "Bengaluru, Karnatak - 110005"
  },
  {
    "Name": "GLAZE MOTORS PRIVATE LIMITED",
    "Address": "Bengaluru, Karnatak - 201001"
  },
  {
    "Name": "CHIMMA'S IOCL PETROL PUMP",
    "Address": "undefined"
  },
  {
    "Name": "MOONSTAR IOCL PETROL PUMP",
    "Address": "Mysuru, Karnataka - 571114"
  },
  {
    "Name": "SRI GURU SERVICE IOCL PUMP",
    "Address": "Mysuru, Karnataka - 570026"
  },
  {
    "Name": "SRI BHYRAVA IOCL PETROL PUMP",
    "Address": "Tumkur, Karnataka - 572222"
  },
  {
    "Name": "KEERTHANA IOCL PETROL PUMP",
    "Address": "undefined - 572117"
  },
  {
    "Name": "JAGADAMBA IOCL PETROL PUMP",
    "Address": "undefined - 571232"
  },
  {
    "Name": "VIJAYAVASU IOCL PETROL PUMP",
    "Address": "Mysuru, Karnataka - 571124"
  },
  {
    "Name": "SIDDESHWARA IOCL PETROL PUMP",
    "Address": "Mysuru, Karnataka - 571101"
  },
  {
    "Name": "JANANI IOCL PETROL PUMP",
    "Address": "Mandya, Karnataka - 571401"
  },
  {
    "Name": "VAISHNAVI FUEL IOCL  PUMP",
    "Address": "Mysuru, Karnataka - 571602"
  },
  {
    "Name": "Sri Venkateshwara Garage 2",
    "Address": "Bellary, Karnataka - 583101"
  },
  {
    "Name": "National Auto Garage",
    "Address": "Bellary, Karnataka - 583104"
  },
  {
    "Name": "Burcornzza cafeteria",
    "Address": "Gulbarga, Karnataka - 585101"
  },
  {
    "Name": "Sagar Auto Garage",
    "Address": "Bellary, Karnataka - 583101"
  },
  {
    "Name": "𝙷 𝙺 𝙶 𝙽 𝙰𝚞𝚝𝚘 𝚝𝚒𝚗𝚔𝚎𝚛 2",
    "Address": "Bellary, Karnataka - 583101"
  },
  {
    "Name": "𝙷 𝙺 𝙶 𝙽 𝙰𝚞𝚝𝚘 𝚝𝚒𝚗𝚔𝚎𝚛 1",
    "Address": "Bellary, Karnataka - 583101"
  },
  {
    "Name": "Khadeer 2",
    "Address": "Gulbarga, Karnataka - 585104"
  },
  {
    "Name": "Khadeer 1",
    "Address": "Gulbarga, Karnataka - 585104"
  },
  {
    "Name": "Bismillah Auto Links 2",
    "Address": "Bellary, Karnataka - 583102"
  },
  {
    "Name": "Bismillah Auto Links 1",
    "Address": "Bellary, Karnataka - 583102"
  },
  {
    "Name": "Abdul Auto Garage 1",
    "Address": "Bellary, Karnataka - 583101"
  },
  {
    "Name": "Abdul Auto Garage 2",
    "Address": "Bellary, Karnataka - 583104"
  },
  {
    "Name": "HARSHITH ENTERPRISES IOCL PUMP",
    "Address": "Tumkur, Karnataka - 572136"
  },
  {
    "Name": "Pavan Water Servicing Centre 1",
    "Address": "Bellary, Karnataka - 583101"
  },
  {
    "Name": "Zameer Ahmed service station  3",
    "Address": "Bellary, Karnataka - 583101"
  },
  {
    "Name": "Zameer Ahmed service station  4",
    "Address": "Bellary, Karnataka - 583101"
  },
  {
    "Name": "Dadu Khalandar 1",
    "Address": "Bellary, Karnataka - 583101"
  },
  {
    "Name": "Dadu Kalandar 2",
    "Address": "Bellary, Karnataka - 583101"
  },
  {
    "Name": "Madeena Auto Garage 1",
    "Address": "Bellary, Karnataka - 583101"
  },
  {
    "Name": "Madeena Auto Garage 2",
    "Address": "Bellary, Karnataka - 583101"
  },
  {
    "Name": "Veeresh auto work",
    "Address": "Bellary, Karnataka - 583102"
  },
  {
    "Name": "Rajathadri fuel station",
    "Address": "Ramanagara, Karnataka - 562159"
  },
  {
    "Name": "Samyuktha Karnataka press",
    "Address": "Bengaluru, Karnatak - 560051"
  },
  {
    "Name": "Modern car wash  2",
    "Address": "Bellary, Karnataka - 583104"
  },
  {
    "Name": "Modern car wash  1",
    "Address": "Bellary, Karnataka - 583104"
  },
  {
    "Name": "Zameer Ahmed service station  1",
    "Address": "Bellary, Karnataka - 583101"
  },
  {
    "Name": "Zameer Ahmed service station  2",
    "Address": "Bellary, Karnataka - 583101"
  },
  {
    "Name": "Hindustan water wash",
    "Address": "Bellary, Karnataka - 583102"
  },
  {
    "Name": "Anjineyulu Auto Garage",
    "Address": "Bellary, Karnataka - 583101"
  },
  {
    "Name": "Jai balaji tyres",
    "Address": "Bellary, Karnataka - 583101"
  },
  {
    "Name": "Esha Fuel Zone IOCL Petrol Pump",
    "Address": "Kolar, Karnataka - 563133"
  },
  {
    "Name": "Thrust automotive",
    "Address": "Bengaluru, Karnatak - 560077"
  },
  {
    "Name": "Megha Gupta - Dolphin CarZ Spa Ceramic Coating for Cars 1",
    "Address": "Bengaluru, Karnatak - 560091"
  },
  {
    "Name": "Dolphin CarZ Spa - Ceramic Coating for Cars 2",
    "Address": "Bengaluru, Karnatak - 560091"
  },
  {
    "Name": "GP Tyres and Greesing Center",
    "Address": "Bengaluru, Karnatak - 560048"
  },
  {
    "Name": "A M Automobiles",
    "Address": "Bengaluru, Karnatak - 560093"
  },
  {
    "Name": "Mithra.s car garage",
    "Address": "Bengaluru, Karnatak - 560105"
  },
  {
    "Name": "Praveen's Car Wash",
    "Address": "Bengaluru, Karnatak - 560066"
  },
  {
    "Name": "Swastikaa Motors - 2",
    "Address": "Bengaluru, Karnatak - 560100"
  },
  {
    "Name": "World Touch car care",
    "Address": "Bengaluru, Karnatak - 560099"
  },
  {
    "Name": "Megha Gupta - Kavya Car Care",
    "Address": "Bengaluru, Karnatak - 560100"
  },
  {
    "Name": "BENLING ELECTRIC SHOWROOM",
    "Address": "Bengaluru, Karnatak - 560100"
  },
  {
    "Name": "Sri Vayunandana IOCL Petrol Pump IOCL",
    "Address": "Bengaluru, Karnatak - 560099"
  },
  {
    "Name": "C Puttaiah & Sons IOCL PUMP",
    "Address": "Bengaluru, Karnatak - 560020"
  },
  {
    "Name": "KV Jairam Iocl Petrol Pump",
    "Address": "Bengaluru, Karnatak - 560064"
  },
  {
    "Name": "Maruthi Bike Zone - 1",
    "Address": "Bengaluru, Karnatak - 560099"
  },
  {
    "Name": "Chal Simplify - Maruthi Bike Zone - 2",
    "Address": "Bengaluru, Karnatak - 560099"
  },
  {
    "Name": "SHREE VENKATESHWARA CAR WASH & SPA 1",
    "Address": "Bengaluru, Karnatak - 560057"
  },
  {
    "Name": "MM SERVICE CENTER IOCL PUMP",
    "Address": "Hassan, Karnataka - 573225"
  },
  {
    "Name": "Beneducato professional autolive care",
    "Address": "Bengaluru, Karnatak - 560043"
  },
  {
    "Name": "Beneducato",
    "Address": "Bengaluru, Karnatak - 560043"
  },
  {
    "Name": "Rapid carzspa  2",
    "Address": "Bengaluru, Karnatak - 562125"
  },
  {
    "Name": "Rapid carzspa  1",
    "Address": "Bengaluru, Karnatak - 562125"
  },
  {
    "Name": "JRB FUELS IOCL PETROL PUMP",
    "Address": "Bengaluru, Karnatak - 560076"
  },
  {
    "Name": "SHREE EKADRISHTA IOCL PETROL PUMP",
    "Address": "Bengaluru, Karnatak - 560076"
  },
  {
    "Name": "Tata Dream motors 3",
    "Address": "Bengaluru, Karnatak - 562162"
  },
  {
    "Name": "RN Car AC Works charzer",
    "Address": "Bengaluru, Karnatak - 560051"
  },
  {
    "Name": "Sneha  motors",
    "Address": "Ramanagara, Karnataka - 562117"
  },
  {
    "Name": "Mahindra motor services",
    "Address": "Bengaluru, Karnatak - 562157"
  },
  {
    "Name": "Poorvika car garage charger",
    "Address": "Ramanagara, Karnataka - 562123"
  },
  {
    "Name": "Just wash car &bike spa charge",
    "Address": "Bengaluru, Karnatak - 560016"
  },
  {
    "Name": "SRI LAKSHMI CAR GARAGE",
    "Address": "Bengaluru, Karnatak - 560062"
  },
  {
    "Name": "OYO charzer",
    "Address": "Bengaluru, Karnatak - 560099"
  },
  {
    "Name": "Classic auto spa charzer 1",
    "Address": "Bengaluru, Karnatak - 560103"
  },
  {
    "Name": "Classic auto spa charzer 2",
    "Address": "Bengaluru, Karnatak - 560035"
  },
  {
    "Name": "SAFE GREEN AUTOMOBILES EV CHARGING STATION",
    "Address": "Bengaluru, Karnatak - 627009"
  },
  {
    "Name": "Nandi ups battery sales",
    "Address": "Bengaluru, Karnatak - 560099"
  },
  {
    "Name": "Royal service center",
    "Address": "Bengaluru, Karnatak - 560024"
  },
  {
    "Name": "One stop car care",
    "Address": "Bengaluru, Karnatak - 560035"
  },
  {
    "Name": "Turtle wax",
    "Address": "Bengaluru, Karnatak - 560065"
  },
  {
    "Name": "St.Johns School charzer",
    "Address": "Bengaluru, Karnatak - 560024"
  },
  {
    "Name": "carz and co",
    "Address": "Bengaluru, Karnatak - 560100"
  },
  {
    "Name": "Sri Tyre zone  Charzer",
    "Address": "Bengaluru, Karnatak - 560100"
  },
  {
    "Name": "Evolution One - Thanushya civil & electricals contractor",
    "Address": "Bengaluru, Karnatak - 560071"
  },
  {
    "Name": "Jamia masjid  1",
    "Address": "Bengaluru, Karnatak - 560068"
  },
  {
    "Name": "Jamia masjid  2",
    "Address": "Bengaluru, Karnatak - 560068"
  },
  {
    "Name": "SDM PETROLEUMS IOCL PUMP",
    "Address": "Tumkur, Karnataka - 572123"
  },
  {
    "Name": "SHAMS ECO RIDE CHARZER STATION",
    "Address": "Bengaluru, Karnatak - 560034"
  },
  {
    "Name": "A1 car garage charger 01",
    "Address": "Bengaluru, Karnatak - 560013"
  },
  {
    "Name": "Charzer - Aashirwad Electrical",
    "Address": "Bengaluru, Karnatak"
  },
  {
    "Name": "Green leaf water washing charg",
    "Address": "Bengaluru, Karnatak - 560041"
  },
  {
    "Name": "EVolution Bharat - Sri Thirumala Tyres Charzer",
    "Address": "Bengaluru, Karnatak - 560035"
  },
  {
    "Name": "SHREE SHIRDI SAI IOCL PETROL PUMP",
    "Address": "Bengaluru, Karnatak - 560068"
  },
  {
    "Name": "SOWBHAGYA & COMPANY IOCL PETROL PUMP",
    "Address": "Bengaluru, Karnatak - 560102"
  },
  {
    "Name": "Kavee auto aircon charger 2",
    "Address": "Bengaluru, Karnatak"
  },
  {
    "Name": "SHRI SHRIKANTESHWARA IOCL PUMP",
    "Address": "Hassan, Karnataka - 573211"
  },
  {
    "Name": "AR car washing charger",
    "Address": "Bengaluru, Karnatak"
  },
  {
    "Name": "Good luck car wash charger",
    "Address": "Bengaluru, Karnatak - 560056"
  },
  {
    "Name": "Supreme auto works charzer",
    "Address": "Bengaluru, Karnatak - 560037"
  },
  {
    "Name": "Rajadhani Super Market charzer",
    "Address": "Bengaluru, Karnatak - 562125"
  },
  {
    "Name": "Fair wellcare India pvt ltd",
    "Address": "Bengaluru, Karnatak - 560094"
  },
  {
    "Name": "Maruthi suzuki service charger",
    "Address": "Bengaluru, Karnatak - 562110"
  },
  {
    "Name": "Pro touch car and bike charger",
    "Address": "Bangalore Urban, Karnataka - 560098"
  },
  {
    "Name": "Avron Energy - SS automotive charger",
    "Address": "Bangalore Urban, Karnataka - 560098"
  },
  {
    "Name": "SURYAPUTRA IOCL PETROL PUMP",
    "Address": "Bangalore Urban, Karnataka - 560039"
  },
  {
    "Name": "A 1 Car Garage CHARZER 2",
    "Address": "Bangalore Urban, Karnataka - 560013"
  },
  {
    "Name": "Sr car garage charger",
    "Address": "Bangalore Urban, Karnataka - 560087"
  },
  {
    "Name": "SAI SUDHI IOCL PETROL PUMP",
    "Address": "Bangalore Urban, Karnataka - 560064"
  },
  {
    "Name": "The crazy cars charzer 2",
    "Address": "Bangalore Urban, Karnataka - 562107"
  },
  {
    "Name": "The crazy cars charzer 1",
    "Address": "Bangalore Urban, Karnataka - 562107"
  },
  {
    "Name": "VAIRAMUDI IOCL PETROL PUMP",
    "Address": "Mandya, Karnataka - 571476"
  },
  {
    "Name": "SREE LAKSHMI MARUTHI IOCL PETROL PUMP",
    "Address": "Chikballapur, Karnataka - 561208"
  },
  {
    "Name": "Maruthi service station IOCL",
    "Address": "Kolar, Karnataka - 563130"
  },
  {
    "Name": "SKANDAAGRAJA IOCL PETROL PUMP",
    "Address": "Kolar, Karnataka - 563160"
  },
  {
    "Name": "SRI LAKSHMI NARASIMHA SWAMY FUEL STATION IOCL",
    "Address": "Chamarajanagar, Karnataka - 571440"
  },
  {
    "Name": "VIDHURA IOCL PETROL PUMP",
    "Address": "Chikballapur, Karnataka - 561208"
  },
  {
    "Name": "UDAYAGIRI IOCL PETROL PUMP",
    "Address": "Bangalore Urban, Karnataka - 560058"
  },
  {
    "Name": "Chetty's Pitstop IOCL Pump",
    "Address": "Bengaluru, Karnatak - 560039"
  },
  {
    "Name": "ARKAVANTHI IOCL PETROL PUMP",
    "Address": "Bangalore Urban, Karnataka - 562123"
  },
  {
    "Name": "TRIVENI SERVICE STATION IOCL",
    "Address": "Bangalore Urban, Karnataka - 560073"
  },
  {
    "Name": "Raj Racing works charzer",
    "Address": "Bangalore Urban, Karnataka - 560038"
  },
  {
    "Name": "Am auto works charger¹",
    "Address": "Bangalore Urban, Karnataka - 560075"
  },
  {
    "Name": "Elshaddai car service charzer",
    "Address": "Bangalore Urban, Karnataka - 560048"
  },
  {
    "Name": "Carz tec charger",
    "Address": "Bengaluru, Karnatak - 560097"
  },
  {
    "Name": "NMH GASOLINE IOCL PETROL PUMP",
    "Address": "Bangalore Urban, Karnataka - 560073"
  },
  {
    "Name": "VIJENDRA IOCL PETROL PUMP",
    "Address": "Kolar, Karnataka - 563121"
  },
  {
    "Name": "TIRUMALA SRINIVASA IOCL PUMP",
    "Address": "Kolar, Karnataka - 563102"
  },
  {
    "Name": "Raviteja Enterprises IOCL Petrol Pump",
    "Address": "Bangalore Urban, Karnataka - 560022"
  },
  {
    "Name": "Bandhavya Enterprises",
    "Address": "Bangalore Urban, Karnataka - 560093"
  },
  {
    "Name": "Express car spa wash charzer",
    "Address": "Bangalore Urban, Karnataka - 560001"
  },
  {
    "Name": "Shri Krishna Auto garage",
    "Address": "Bangalore Urban, Karnataka - 560068"
  },
  {
    "Name": "Sir MVIT College charzer",
    "Address": "Bengaluru, Karnatak - 562157"
  },
  {
    "Name": "Stop and shine carcare charger",
    "Address": "Bangalore Urban, Karnataka - 560038"
  },
  {
    "Name": "Bhairavi Fuel IOCL Station",
    "Address": "Kolar, Karnataka - 563101"
  },
  {
    "Name": "RANJITH SERVICE IOCL PUMP",
    "Address": "Bengaluru, Karnatak - 562106"
  },
  {
    "Name": "Vikaas co operation charger",
    "Address": "Bangalore Urban, Karnataka - 560059"
  },
  {
    "Name": "Mohith motors charger",
    "Address": "Bangalore Urban, Karnataka - 560098"
  },
  {
    "Name": "BTM AUTO SERVICE CHARZER",
    "Address": "Bangalore Urban, Karnataka - 560068"
  },
  {
    "Name": "USK Auto Gas Station 1",
    "Address": "Bangalore Urban, Karnataka - 560062"
  },
  {
    "Name": "KAYPRYM IOCL FUEL PUMP",
    "Address": "Bengaluru, Karnatak - 560078"
  },
  {
    "Name": "VASANTHA IOCL PETROL PUMP",
    "Address": "Bangalore Urban, Karnataka - 560043"
  },
  {
    "Name": "Mookambika Enterprises IOCL Petrol Pump",
    "Address": "Bangalore Urban, Karnataka - 560043"
  },
  {
    "Name": "VMW motor works charger",
    "Address": "Bangalore Urban, Karnataka - 560025"
  },
  {
    "Name": "Sapthagiri Tyre tech CHARZER",
    "Address": "Bangalore Urban, Karnataka - 562125"
  },
  {
    "Name": "Exotic Cars service CHARZER",
    "Address": "Bengaluru, Karnatak"
  },
  {
    "Name": "Chal Simplify - Tea Sugar Charger",
    "Address": "Bangalore Urban, Karnataka - 560064"
  },
  {
    "Name": "Tea sugar 2 CHARGER",
    "Address": "Bangalore Urban, Karnataka - 560001"
  },
  {
    "Name": "SRI EKADANTA IOCL PETROL STATION",
    "Address": "Bengaluru, Karnatak"
  },
  {
    "Name": "Namith Enterprises IOCL pump",
    "Address": "Kolar, Karnataka - 563114"
  },
  {
    "Name": "SRI BAGAVATHI MOTORS CHARZER 2",
    "Address": "Bangalore Urban, Karnataka - 560049"
  },
  {
    "Name": "SRI BAGAVATHI MOTORS CHARZER 3",
    "Address": "Bangalore Urban, Karnataka - 560049"
  },
  {
    "Name": "Power Matic Solar - Ebenezer motor charzer station",
    "Address": "Bangalore Urban, Karnataka - 560068"
  },
  {
    "Name": "Sparkle car wash - 2",
    "Address": "Bangalore Urban, Karnataka - 560048"
  },
  {
    "Name": "N N motors charzer 1",
    "Address": "Bangalore Urban, Karnataka - 560072"
  },
  {
    "Name": "N N motors charzer 2",
    "Address": "Bangalore Urban, Karnataka - 560072"
  },
  {
    "Name": "M D F SERVICES CHARZER STATION",
    "Address": "Bangalore Urban, Karnataka - 560043"
  },
  {
    "Name": "SHRI KRISHNA IOCL PETROL PUMP",
    "Address": "Ramanagara, Karnataka - 562120"
  },
  {
    "Name": "JK Tyre Xpress Wheels",
    "Address": "Bengaluru, Karnatak - 561205"
  },
  {
    "Name": "SHRI MANJUNATHA IOCL PUMP",
    "Address": "Bengaluru, Karnatak - 573213"
  },
  {
    "Name": "Matha fuel station IOCl Pump",
    "Address": "undefined - 562127"
  },
  {
    "Name": "CR FUELS IOCL PETROL PUMP",
    "Address": "undefined"
  },
  {
    "Name": "Charzer - Athiyas",
    "Address": "Bangalore Urban, Karnataka - 560041"
  },
  {
    "Name": "B.G Enterprises IOCL Petrol Pump",
    "Address": "Bengaluru, Karnatak - 560060"
  },
  {
    "Name": "ARCHITHA FUEL IOCL PETROL PUMP",
    "Address": "Mandya, Karnataka - 571476"
  },
  {
    "Name": "Lakshmi Narasimha Fuels IOCL Petrol Pump",
    "Address": "Kolar, Karnataka - 563128"
  },
  {
    "Name": "IBP IOCL PETROL PUMP",
    "Address": "Mysuru, Karnataka - 570009"
  },
  {
    "Name": "Jayaram Fuel Station IOCL Petrol Pump",
    "Address": "Mysuru, Karnataka - 570015"
  },
  {
    "Name": "Sri Venkat Fuel Point IOCL Petrol Pump",
    "Address": "Bangalore Urban, Karnataka - 560098"
  },
  {
    "Name": "Chrishel scooter clinic",
    "Address": "Bangalore Urban, Karnataka - 560098"
  },
  {
    "Name": "Evolution One  - Aman Electricals Charzer",
    "Address": "Bangalore Urban, Karnataka - 560099"
  },
  {
    "Name": "Charzer - Sagar Arts",
    "Address": "Bangalore Urban, Karnataka - 560099"
  },
  {
    "Name": "EVolution Bharat - MLV car wash CHARZER Station",
    "Address": "Bengaluru, Karnatak - 560049"
  },
  {
    "Name": "Power Matic Solar  - Access office solution cha 2",
    "Address": "Bangalore Urban, Karnataka - 560075"
  },
  {
    "Name": "Avron Energy - Access office solution cha 1",
    "Address": "Bangalore Urban, Karnataka - 560075"
  },
  {
    "Name": "The car doctor Charzer station",
    "Address": "Bangalore Urban, Karnataka - 560100"
  },
  {
    "Name": "SM battery point",
    "Address": "Bangalore Urban, Karnataka - 560040"
  },
  {
    "Name": "A1 auto consultancy charzer",
    "Address": "Bangalore Urban, Karnataka - 560097"
  },
  {
    "Name": "Raj enterprises charzer point",
    "Address": "Bengaluru, Karnatak - 560003"
  },
  {
    "Name": "EVolution Bharat - Ragava Motors",
    "Address": "Bengaluru, Karnatak - 560099"
  },
  {
    "Name": "VRS motors charzer 01",
    "Address": "Bangalore Urban, Karnataka - 560049"
  },
  {
    "Name": "Marata darshan charzer",
    "Address": "Bangalore Urban, Karnataka - 560051"
  },
  {
    "Name": "S K M BIKE ZONE CHARZER",
    "Address": "Bangalore Urban, Karnataka - 560023"
  },
  {
    "Name": "Bosch services CHARZER Station",
    "Address": "Bangalore Urban, Karnataka - 560037"
  },
  {
    "Name": "SK Power Solutions",
    "Address": "Bangalore Urban, Karnataka - 560066"
  },
  {
    "Name": "Ultimate Auto Jambu Savari Dinne 2",
    "Address": "Bengaluru, Karnatak - 560076"
  },
  {
    "Name": "Sd Charzer",
    "Address": "Bengaluru, Karnatak - 560068"
  },
  {
    "Name": "HSR layout Charzer",
    "Address": "Bengaluru, Karnatak - 560102"
  },
  {
    "Name": "GullyMart Prime Charzer",
    "Address": "Bengaluru, Karnatak - 560058"
  },
  {
    "Name": "NJB Dental Care Charzer",
    "Address": "Bengaluru, Karnatak - 560079"
  },
  {
    "Name": "Ultimate Auto Jambu Savari Dinne 1",
    "Address": "Bangalore Urban, Karnataka - 560076"
  },
  {
    "Name": "PRAJWAL ENTERPRISES",
    "Address": "Udupi, Karnataka - 576102"
  },
  {
    "Name": "Yaswant Green City Motors",
    "Address": "Bengaluru, Karnatak - 562107"
  },
  {
    "Name": "SRINIVAS UNIVERSITY Mangalore",
    "Address": "Mangalore, Karnataka - 575001"
  },
  {
    "Name": "Hotel Srinivas",
    "Address": "Mangalore, Karnataka - 575001"
  },
  {
    "Name": "Indeanta EV Charging Zone-6",
    "Address": "Mangalore, Karnataka - 575022"
  },
  {
    "Name": "Indeanta EV Charging Zone-5",
    "Address": "Mangalore, Karnataka - 575022"
  },
  {
    "Name": "Indeanta EV Charging Zone-4",
    "Address": "Mangalore, Karnataka - 575003"
  },
  {
    "Name": "Indeanta EV Charging Zone-3",
    "Address": "Mangalore, Karnataka - 575003"
  },
  {
    "Name": "Indeanta EV Charging Zone-1",
    "Address": "Mangalore, Karnataka - 575002"
  },
  {
    "Name": "Charzer - Kiosk Shop",
    "Address": "Bengaluru, Karnatak - 560046"
  },
  {
    "Name": "SRI LAXMI AUTO CHARZER",
    "Address": "Bengaluru, Karnatak - 560040"
  },
  {
    "Name": "Sakala Traders",
    "Address": "Bengaluru, Karnatak - 560086"
  },
  {
    "Name": "Charzer - Spectra",
    "Address": "Bengaluru, Karnatak - 560038"
  },
  {
    "Name": "Charzer - Shashi Motors",
    "Address": "Bengaluru, Karnatak - 560091"
  },
  {
    "Name": "Charzer - Green Drive",
    "Address": "Bengaluru, Karnatak - 560068"
  },
  {
    "Name": "Charzer - Jai Deep Motors",
    "Address": "Bengaluru, Karnatak - 560100"
  }
]